Dataset Name,Image Name,Characteristics [Organism],Term Source 1 REF,Term Source 1 Accession,Characteristics [Strain],Characteristics [Genotype],Characteristics [Genomic Separation Of Operators],Characteristics [Cell Identifier],Experimental Condition [Genomic Separation Of Operators],Experimental Condition [Cell Identifier],Channels,Comment [Image File Type]
Colocalising,aaa_upper_rr_lower_ALX.dv,Saccharomyces cerevisiae,NCBITaxon,NCBITaxon_4932,DD1407,TetO between UBP10 and MRPL19,Colocalising,DD1407_aaa_upper_rr_lower,Colocalising,DD1407_aaa_upper_rr_lower,mCherry: operator 1; GFP: operator 2,derived
Colocalising,aaa_upper_rr_lower.dv,Saccharomyces cerevisiae,NCBITaxon,NCBITaxon_4932,DD1407,TetO between UBP10 and MRPL19,Colocalising,DD1407_aaa_upper_rr_lower,Colocalising,DD1407_aaa_upper_rr_lower,mCherry: operator 1; GFP: operator 2,raw
Colocalising,b_lower_ALX.dv,Saccharomyces cerevisiae,NCBITaxon,NCBITaxon_4932,DD1407,TetO between UBP10 and MRPL19,Colocalising,DD1407_b_lower,Colocalising,DD1407_b_lower,mCherry: operator 1; GFP: operator 2,derived
Colocalising,b_lower.dv,Saccharomyces cerevisiae,NCBITaxon,NCBITaxon_4932,DD1407,TetO between UBP10 and MRPL19,Colocalising,DD1407_b_lower,Colocalising,DD1407_b_lower,mCherry: operator 1; GFP: operator 2,raw
Colocalising,bb_upper_aa_lower_ALX.dv,Saccharomyces cerevisiae,NCBITaxon,NCBITaxon_4932,DD1407,TetO between UBP10 and MRPL19,Colocalising,DD1407_bb_upper_aa_lower,Colocalising,DD1407_bb_upper_aa_lower,mCherry: operator 1; GFP: operator 2,derived
Colocalising,bb_upper_aa_lower.dv,Saccharomyces cerevisiae,NCBITaxon,NCBITaxon_4932,DD1407,TetO between UBP10 and MRPL19,Colocalising,DD1407_bb_upper_aa_lower,Colocalising,DD1407_bb_upper_aa_lower,mCherry: operator 1; GFP: operator 2,raw
Colocalising,dd_lower_ALX.dv,Saccharomyces cerevisiae,NCBITaxon,NCBITaxon_4932,DD1407,TetO between UBP10 and MRPL19,Colocalising,DD1407_dd_lower,Colocalising,DD1407_dd_lower,mCherry: operator 1; GFP: operator 2,derived
Colocalising,dd_lower.dv,Saccharomyces cerevisiae,NCBITaxon,NCBITaxon_4932,DD1407,TetO between UBP10 and MRPL19,Colocalising,DD1407_dd_lower,Colocalising,DD1407_dd_lower,mCherry: operator 1; GFP: operator 2,raw
Colocalising,e_upper_h_lower_ALX.dv,Saccharomyces cerevisiae,NCBITaxon,NCBITaxon_4932,DD1407,TetO between UBP10 and MRPL19,Colocalising,DD1407_e_upper_h_lower,Colocalising,DD1407_e_upper_h_lower,mCherry: operator 1; GFP: operator 2,derived
Colocalising,e_upper_h_lower.dv,Saccharomyces cerevisiae,NCBITaxon,NCBITaxon_4932,DD1407,TetO between UBP10 and MRPL19,Colocalising,DD1407_e_upper_h_lower,Colocalising,DD1407_e_upper_h_lower,mCherry: operator 1; GFP: operator 2,raw
Colocalising,f_upper_d_lower_ALX.dv,Saccharomyces cerevisiae,NCBITaxon,NCBITaxon_4932,DD1407,TetO between UBP10 and MRPL19,Colocalising,DD1407_f_upper_d_lower,Colocalising,DD1407_f_upper_d_lower,mCherry: operator 1; GFP: operator 2,derived
Colocalising,f_upper_d_lower.dv,Saccharomyces cerevisiae,NCBITaxon,NCBITaxon_4932,DD1407,TetO between UBP10 and MRPL19,Colocalising,DD1407_f_upper_d_lower,Colocalising,DD1407_f_upper_d_lower,mCherry: operator 1; GFP: operator 2,raw
Colocalising,ff_upper_ee_lower_ALX.dv,Saccharomyces cerevisiae,NCBITaxon,NCBITaxon_4932,DD1407,TetO between UBP10 and MRPL19,Colocalising,DD1407_ff_upper_ee_lower,Colocalising,DD1407_ff_upper_ee_lower,mCherry: operator 1; GFP: operator 2,derived
Colocalising,ff_upper_ee_lower.dv,Saccharomyces cerevisiae,NCBITaxon,NCBITaxon_4932,DD1407,TetO between UBP10 and MRPL19,Colocalising,DD1407_ff_upper_ee_lower,Colocalising,DD1407_ff_upper_ee_lower,mCherry: operator 1; GFP: operator 2,raw
Colocalising,g_upper_c_lower_ALX.dv,Saccharomyces cerevisiae,NCBITaxon,NCBITaxon_4932,DD1407,TetO between UBP10 and MRPL19,Colocalising,DD1407_g_upper_c_lower,Colocalising,DD1407_g_upper_c_lower,mCherry: operator 1; GFP: operator 2,derived
Colocalising,g_upper_c_lower.dv,Saccharomyces cerevisiae,NCBITaxon,NCBITaxon_4932,DD1407,TetO between UBP10 and MRPL19,Colocalising,DD1407_g_upper_c_lower,Colocalising,DD1407_g_upper_c_lower,mCherry: operator 1; GFP: operator 2,raw
Colocalising,gg_upper_cc_lower_ALX.dv,Saccharomyces cerevisiae,NCBITaxon,NCBITaxon_4932,DD1407,TetO between UBP10 and MRPL19,Colocalising,DD1407_gg_upper_cc_lower,Colocalising,DD1407_gg_upper_cc_lower,mCherry: operator 1; GFP: operator 2,derived
Colocalising,gg_upper_cc_lower.dv,Saccharomyces cerevisiae,NCBITaxon,NCBITaxon_4932,DD1407,TetO between UBP10 and MRPL19,Colocalising,DD1407_gg_upper_cc_lower,Colocalising,DD1407_gg_upper_cc_lower,mCherry: operator 1; GFP: operator 2,raw
Colocalising,i_upper_a_lower_ALX.dv,Saccharomyces cerevisiae,NCBITaxon,NCBITaxon_4932,DD1407,TetO between UBP10 and MRPL19,Colocalising,DD1407_i_upper_a_lower,Colocalising,DD1407_i_upper_a_lower,mCherry: operator 1; GFP: operator 2,derived
Colocalising,i_upper_a_lower.dv,Saccharomyces cerevisiae,NCBITaxon,NCBITaxon_4932,DD1407,TetO between UBP10 and MRPL19,Colocalising,DD1407_i_upper_a_lower,Colocalising,DD1407_i_upper_a_lower,mCherry: operator 1; GFP: operator 2,raw
Colocalising,ii_upper_hh_lower_ALX.dv,Saccharomyces cerevisiae,NCBITaxon,NCBITaxon_4932,DD1407,TetO between UBP10 and MRPL19,Colocalising,DD1407_ii_upper_hh_lower,Colocalising,DD1407_ii_upper_hh_lower,mCherry: operator 1; GFP: operator 2,derived
Colocalising,ii_upper_hh_lower.dv,Saccharomyces cerevisiae,NCBITaxon,NCBITaxon_4932,DD1407,TetO between UBP10 and MRPL19,Colocalising,DD1407_ii_upper_hh_lower,Colocalising,DD1407_ii_upper_hh_lower,mCherry: operator 1; GFP: operator 2,raw
Colocalising,k_upper_ALX.dv,Saccharomyces cerevisiae,NCBITaxon,NCBITaxon_4932,DD1407,TetO between UBP10 and MRPL19,Colocalising,DD1407_k_upper,Colocalising,DD1407_k_upper,mCherry: operator 1; GFP: operator 2,derived
Colocalising,k_upper.dv,Saccharomyces cerevisiae,NCBITaxon,NCBITaxon_4932,DD1407,TetO between UBP10 and MRPL19,Colocalising,DD1407_k_upper,Colocalising,DD1407_k_upper,mCherry: operator 1; GFP: operator 2,raw
Colocalising,kk_upper_mm_lower_ALX.dv,Saccharomyces cerevisiae,NCBITaxon,NCBITaxon_4932,DD1407,TetO between UBP10 and MRPL19,Colocalising,DD1407_kk_upper_mm_lower,Colocalising,DD1407_kk_upper_mm_lower,mCherry: operator 1; GFP: operator 2,derived
Colocalising,kk_upper_mm_lower.dv,Saccharomyces cerevisiae,NCBITaxon,NCBITaxon_4932,DD1407,TetO between UBP10 and MRPL19,Colocalising,DD1407_kk_upper_mm_lower,Colocalising,DD1407_kk_upper_mm_lower,mCherry: operator 1; GFP: operator 2,raw
Colocalising,ll_lower_ALX.dv,Saccharomyces cerevisiae,NCBITaxon,NCBITaxon_4932,DD1407,TetO between UBP10 and MRPL19,Colocalising,DD1407_ll_lower,Colocalising,DD1407_ll_lower,mCherry: operator 1; GFP: operator 2,derived
Colocalising,ll_lower.dv,Saccharomyces cerevisiae,NCBITaxon,NCBITaxon_4932,DD1407,TetO between UBP10 and MRPL19,Colocalising,DD1407_ll_lower,Colocalising,DD1407_ll_lower,mCherry: operator 1; GFP: operator 2,raw
Colocalising,m_upper_s_lower_ALX.dv,Saccharomyces cerevisiae,NCBITaxon,NCBITaxon_4932,DD1407,TetO between UBP10 and MRPL19,Colocalising,DD1407_m_upper_s_lower,Colocalising,DD1407_m_upper_s_lower,mCherry: operator 1; GFP: operator 2,derived
Colocalising,n_upper_ALX.dv,Saccharomyces cerevisiae,NCBITaxon,NCBITaxon_4932,DD1407,TetO between UBP10 and MRPL19,Colocalising,DD1407_n_upper,Colocalising,DD1407_n_upper,mCherry: operator 1; GFP: operator 2,derived
Colocalising,o_upper_q_lower_ALX.dv,Saccharomyces cerevisiae,NCBITaxon,NCBITaxon_4932,DD1407,TetO between UBP10 and MRPL19,Colocalising,DD1407_o_upper_q_lower,Colocalising,DD1407_o_upper_q_lower,mCherry: operator 1; GFP: operator 2,derived
Colocalising,o_upper_q_lower.dv,Saccharomyces cerevisiae,NCBITaxon,NCBITaxon_4932,DD1407,TetO between UBP10 and MRPL19,Colocalising,DD1407_o_upper_q_lower,Colocalising,DD1407_o_upper_q_lower,mCherry: operator 1; GFP: operator 2,raw
Colocalising,oo_upper_nn_lower_ALX.dv,Saccharomyces cerevisiae,NCBITaxon,NCBITaxon_4932,DD1407,TetO between UBP10 and MRPL19,Colocalising,DD1407_oo_upper_nn_lower,Colocalising,DD1407_oo_upper_nn_lower,mCherry: operator 1; GFP: operator 2,derived
Colocalising,oo_upper_nn_lower.dv,Saccharomyces cerevisiae,NCBITaxon,NCBITaxon_4932,DD1407,TetO between UBP10 and MRPL19,Colocalising,DD1407_oo_upper_nn_lower,Colocalising,DD1407_oo_upper_nn_lower,mCherry: operator 1; GFP: operator 2,raw
Colocalising,p_upper_l_lower_ALX.dv,Saccharomyces cerevisiae,NCBITaxon,NCBITaxon_4932,DD1407,TetO between UBP10 and MRPL19,Colocalising,DD1407_p_upper_l_lower,Colocalising,DD1407_p_upper_l_lower,mCherry: operator 1; GFP: operator 2,derived
Colocalising,p_upper_l_lower.dv,Saccharomyces cerevisiae,NCBITaxon,NCBITaxon_4932,DD1407,TetO between UBP10 and MRPL19,Colocalising,DD1407_p_upper_l_lower,Colocalising,DD1407_p_upper_l_lower,mCherry: operator 1; GFP: operator 2,raw
Colocalising,pp_upper_jj_lower_ALX.dv,Saccharomyces cerevisiae,NCBITaxon,NCBITaxon_4932,DD1407,TetO between UBP10 and MRPL19,Colocalising,DD1407_pp_upper_jj_lower,Colocalising,DD1407_pp_upper_jj_lower,mCherry: operator 1; GFP: operator 2,derived
Colocalising,pp_upper_jj_lower.dv,Saccharomyces cerevisiae,NCBITaxon,NCBITaxon_4932,DD1407,TetO between UBP10 and MRPL19,Colocalising,DD1407_pp_upper_jj_lower,Colocalising,DD1407_pp_upper_jj_lower,mCherry: operator 1; GFP: operator 2,raw
Colocalising,qq_upper_ALX.dv,Saccharomyces cerevisiae,NCBITaxon,NCBITaxon_4932,DD1407,TetO between UBP10 and MRPL19,Colocalising,DD1407_qq_upper,Colocalising,DD1407_qq_upper,mCherry: operator 1; GFP: operator 2,derived
Colocalising,qq_upper.dv,Saccharomyces cerevisiae,NCBITaxon,NCBITaxon_4932,DD1407,TetO between UBP10 and MRPL19,Colocalising,DD1407_qq_upper,Colocalising,DD1407_qq_upper,mCherry: operator 1; GFP: operator 2,raw
Colocalising,r_upper_ALX.dv,Saccharomyces cerevisiae,NCBITaxon,NCBITaxon_4932,DD1407,TetO between UBP10 and MRPL19,Colocalising,DD1407_r_upper,Colocalising,DD1407_r_upper,mCherry: operator 1; GFP: operator 2,derived
Colocalising,r_upper.dv,Saccharomyces cerevisiae,NCBITaxon,NCBITaxon_4932,DD1407,TetO between UBP10 and MRPL19,Colocalising,DD1407_r_upper,Colocalising,DD1407_r_upper,mCherry: operator 1; GFP: operator 2,raw
Colocalising,t_lower_ALX.dv,Saccharomyces cerevisiae,NCBITaxon,NCBITaxon_4932,DD1407,TetO between UBP10 and MRPL19,Colocalising,DD1407_t_lower,Colocalising,DD1407_t_lower,mCherry: operator 1; GFP: operator 2,derived
Colocalising,tt_upper_ss_lower_ALX.dv,Saccharomyces cerevisiae,NCBITaxon,NCBITaxon_4932,DD1407,TetO between UBP10 and MRPL19,Colocalising,DD1407_tt_upper_ss_lower,Colocalising,DD1407_tt_upper_ss_lower,mCherry: operator 1; GFP: operator 2,derived
Colocalising,tt_upper_ss_lower.dv,Saccharomyces cerevisiae,NCBITaxon,NCBITaxon_4932,DD1407,TetO between UBP10 and MRPL19,Colocalising,DD1407_tt_upper_ss_lower,Colocalising,DD1407_tt_upper_ss_lower,mCherry: operator 1; GFP: operator 2,raw
Colocalising,u_upper_ALX.dv,Saccharomyces cerevisiae,NCBITaxon,NCBITaxon_4932,DD1407,TetO between UBP10 and MRPL19,Colocalising,DD1407_u_upper,Colocalising,DD1407_u_upper,mCherry: operator 1; GFP: operator 2,derived
Colocalising,v_upper_j_lower_ALX.dv,Saccharomyces cerevisiae,NCBITaxon,NCBITaxon_4932,DD1407,TetO between UBP10 and MRPL19,Colocalising,DD1407_v_upper_j_lower,Colocalising,DD1407_v_upper_j_lower,mCherry: operator 1; GFP: operator 2,derived
Colocalising,v_upper_j_lower.dv,Saccharomyces cerevisiae,NCBITaxon,NCBITaxon_4932,DD1407,TetO between UBP10 and MRPL19,Colocalising,DD1407_v_upper_j_lower,Colocalising,DD1407_v_upper_j_lower,mCherry: operator 1; GFP: operator 2,raw
Colocalising,vv_upper_yy_lower_ALX.dv,Saccharomyces cerevisiae,NCBITaxon,NCBITaxon_4932,DD1407,TetO between UBP10 and MRPL19,Colocalising,DD1407_vv_upper_yy_lower,Colocalising,DD1407_vv_upper_yy_lower,mCherry: operator 1; GFP: operator 2,derived
Colocalising,vv_upper_yy_lower.dv,Saccharomyces cerevisiae,NCBITaxon,NCBITaxon_4932,DD1407,TetO between UBP10 and MRPL19,Colocalising,DD1407_vv_upper_yy_lower,Colocalising,DD1407_vv_upper_yy_lower,mCherry: operator 1; GFP: operator 2,raw
Colocalising,w_upper_ALX.dv,Saccharomyces cerevisiae,NCBITaxon,NCBITaxon_4932,DD1407,TetO between UBP10 and MRPL19,Colocalising,DD1407_w_upper,Colocalising,DD1407_w_upper,mCherry: operator 1; GFP: operator 2,derived
Colocalising,ww_upper_uu_lower_ALX.dv,Saccharomyces cerevisiae,NCBITaxon,NCBITaxon_4932,DD1407,TetO between UBP10 and MRPL19,Colocalising,DD1407_ww_upper_uu_lower,Colocalising,DD1407_ww_upper_uu_lower,mCherry: operator 1; GFP: operator 2,derived
Colocalising,ww_upper_uu_lower.dv,Saccharomyces cerevisiae,NCBITaxon,NCBITaxon_4932,DD1407,TetO between UBP10 and MRPL19,Colocalising,DD1407_ww_upper_uu_lower,Colocalising,DD1407_ww_upper_uu_lower,mCherry: operator 1; GFP: operator 2,raw
Colocalising,x_lower_ALX.dv,Saccharomyces cerevisiae,NCBITaxon,NCBITaxon_4932,DD1407,TetO between UBP10 and MRPL19,Colocalising,DD1407_x_lower,Colocalising,DD1407_x_lower,mCherry: operator 1; GFP: operator 2,derived
Colocalising,x_lower.dv,Saccharomyces cerevisiae,NCBITaxon,NCBITaxon_4932,DD1407,TetO between UBP10 and MRPL19,Colocalising,DD1407_x_lower,Colocalising,DD1407_x_lower,mCherry: operator 1; GFP: operator 2,raw
Colocalising,xx_upper_zz_lower_ALX.dv,Saccharomyces cerevisiae,NCBITaxon,NCBITaxon_4932,DD1407,TetO between UBP10 and MRPL19,Colocalising,DD1407_xx_upper_zz_lower,Colocalising,DD1407_xx_upper_zz_lower,mCherry: operator 1; GFP: operator 2,derived
Colocalising,xx_upper_zz_lower.dv,Saccharomyces cerevisiae,NCBITaxon,NCBITaxon_4932,DD1407,TetO between UBP10 and MRPL19,Colocalising,DD1407_xx_upper_zz_lower,Colocalising,DD1407_xx_upper_zz_lower,mCherry: operator 1; GFP: operator 2,raw
Colocalising,z_upper_y_lower_ALX.dv,Saccharomyces cerevisiae,NCBITaxon,NCBITaxon_4932,DD1407,TetO between UBP10 and MRPL19,Colocalising,DD1407_z_upper_y_lower,Colocalising,DD1407_z_upper_y_lower,mCherry: operator 1; GFP: operator 2,derived
Colocalising,z_upper_y_lower.dv,Saccharomyces cerevisiae,NCBITaxon,NCBITaxon_4932,DD1407,TetO between UBP10 and MRPL19,Colocalising,DD1407_z_upper_y_lower,Colocalising,DD1407_z_upper_y_lower,mCherry: operator 1; GFP: operator 2,raw
Genomic separation 100kb,aa_upper_x_lower_ALX.dv,Saccharomyces cerevisiae,NCBITaxon,NCBITaxon_4932,DD1475,"TetO between INN1 and RPC31, LacO between MIC27 and OCA1",100kb,DD1475_aa_upper_x_lower,100kb,DD1475_aa_upper_x_lower,mCherry: operator 1; GFP: operator 2,derived
Genomic separation 100kb,aa_upper_x_lower.dv,Saccharomyces cerevisiae,NCBITaxon,NCBITaxon_4932,DD1475,"TetO between INN1 and RPC31, LacO between MIC27 and OCA1",100kb,DD1475_aa_upper_x_lower,100kb,DD1475_aa_upper_x_lower,mCherry: operator 1; GFP: operator 2,raw
Genomic separation 100kb,ee_upper_cc_lower_ALX.dv,Saccharomyces cerevisiae,NCBITaxon,NCBITaxon_4932,DD1475,"TetO between INN1 and RPC31, LacO between MIC27 and OCA1",100kb,DD1475_ee_upper_cc_lower,100kb,DD1475_ee_upper_cc_lower,mCherry: operator 1; GFP: operator 2,derived
Genomic separation 100kb,ee_upper_cc_lower.dv,Saccharomyces cerevisiae,NCBITaxon,NCBITaxon_4932,DD1475,"TetO between INN1 and RPC31, LacO between MIC27 and OCA1",100kb,DD1475_ee_upper_cc_lower,100kb,DD1475_ee_upper_cc_lower,mCherry: operator 1; GFP: operator 2,raw
Genomic separation 100kb,gg_upper_ff_lower_ALX.dv,Saccharomyces cerevisiae,NCBITaxon,NCBITaxon_4932,DD1475,"TetO between INN1 and RPC31, LacO between MIC27 and OCA1",100kb,DD1475_gg_upper_ff_lower,100kb,DD1475_gg_upper_ff_lower,mCherry: operator 1; GFP: operator 2,derived
Genomic separation 100kb,gg_upper_ff_lower.dv,Saccharomyces cerevisiae,NCBITaxon,NCBITaxon_4932,DD1475,"TetO between INN1 and RPC31, LacO between MIC27 and OCA1",100kb,DD1475_gg_upper_ff_lower,100kb,DD1475_gg_upper_ff_lower,mCherry: operator 1; GFP: operator 2,raw
Genomic separation 100kb,hh_upper_dd_lower_ALX.dv,Saccharomyces cerevisiae,NCBITaxon,NCBITaxon_4932,DD1475,"TetO between INN1 and RPC31, LacO between MIC27 and OCA1",100kb,DD1475_hh_upper_dd_lower,100kb,DD1475_hh_upper_dd_lower,mCherry: operator 1; GFP: operator 2,derived
Genomic separation 100kb,hh_upper_dd_lower.dv,Saccharomyces cerevisiae,NCBITaxon,NCBITaxon_4932,DD1475,"TetO between INN1 and RPC31, LacO between MIC27 and OCA1",100kb,DD1475_hh_upper_dd_lower,100kb,DD1475_hh_upper_dd_lower,mCherry: operator 1; GFP: operator 2,raw
Genomic separation 100kb,i_upper_n_lower_ALX.dv,Saccharomyces cerevisiae,NCBITaxon,NCBITaxon_4932,DD1475,"TetO between INN1 and RPC31, LacO between MIC27 and OCA1",100kb,DD1475_i_upper_n_lower,100kb,DD1475_i_upper_n_lower,mCherry: operator 1; GFP: operator 2,derived
Genomic separation 100kb,i_upper_n_lower.dv,Saccharomyces cerevisiae,NCBITaxon,NCBITaxon_4932,DD1475,"TetO between INN1 and RPC31, LacO between MIC27 and OCA1",100kb,DD1475_i_upper_n_lower,100kb,DD1475_i_upper_n_lower,mCherry: operator 1; GFP: operator 2,raw
Genomic separation 100kb,j_upper_k_lower_ALX.dv,Saccharomyces cerevisiae,NCBITaxon,NCBITaxon_4932,DD1475,"TetO between INN1 and RPC31, LacO between MIC27 and OCA1",100kb,DD1475_j_upper_k_lower,100kb,DD1475_j_upper_k_lower,mCherry: operator 1; GFP: operator 2,derived
Genomic separation 100kb,j_upper_k_lower.dv,Saccharomyces cerevisiae,NCBITaxon,NCBITaxon_4932,DD1475,"TetO between INN1 and RPC31, LacO between MIC27 and OCA1",100kb,DD1475_j_upper_k_lower,100kb,DD1475_j_upper_k_lower,mCherry: operator 1; GFP: operator 2,raw
Genomic separation 100kb,l_lower_ALX.dv,Saccharomyces cerevisiae,NCBITaxon,NCBITaxon_4932,DD1475,"TetO between INN1 and RPC31, LacO between MIC27 and OCA1",100kb,DD1475_l_lower,100kb,DD1475_l_lower,mCherry: operator 1; GFP: operator 2,derived
Genomic separation 100kb,l_lower.dv,Saccharomyces cerevisiae,NCBITaxon,NCBITaxon_4932,DD1475,"TetO between INN1 and RPC31, LacO between MIC27 and OCA1",100kb,DD1475_l_lower,100kb,DD1475_l_lower,mCherry: operator 1; GFP: operator 2,raw
Genomic separation 100kb,m_lower_ALX.dv,Saccharomyces cerevisiae,NCBITaxon,NCBITaxon_4932,DD1475,"TetO between INN1 and RPC31, LacO between MIC27 and OCA1",100kb,DD1475_m_lower,100kb,DD1475_m_lower,mCherry: operator 1; GFP: operator 2,derived
Genomic separation 100kb,m_lower.dv,Saccharomyces cerevisiae,NCBITaxon,NCBITaxon_4932,DD1475,"TetO between INN1 and RPC31, LacO between MIC27 and OCA1",100kb,DD1475_m_lower,100kb,DD1475_m_lower,mCherry: operator 1; GFP: operator 2,raw
Genomic separation 100kb,q_lower_ALX.dv,Saccharomyces cerevisiae,NCBITaxon,NCBITaxon_4932,DD1475,"TetO between INN1 and RPC31, LacO between MIC27 and OCA1",100kb,DD1475_q_lower,100kb,DD1475_q_lower,mCherry: operator 1; GFP: operator 2,derived
Genomic separation 100kb,q_lower.dv,Saccharomyces cerevisiae,NCBITaxon,NCBITaxon_4932,DD1475,"TetO between INN1 and RPC31, LacO between MIC27 and OCA1",100kb,DD1475_q_lower,100kb,DD1475_q_lower,mCherry: operator 1; GFP: operator 2,raw
Genomic separation 100kb,r_upper_p_lower_ALX.dv,Saccharomyces cerevisiae,NCBITaxon,NCBITaxon_4932,DD1475,"TetO between INN1 and RPC31, LacO between MIC27 and OCA1",100kb,DD1475_r_upper_p_lower,100kb,DD1475_r_upper_p_lower,mCherry: operator 1; GFP: operator 2,derived
Genomic separation 100kb,r_upper_p_lower.dv,Saccharomyces cerevisiae,NCBITaxon,NCBITaxon_4932,DD1475,"TetO between INN1 and RPC31, LacO between MIC27 and OCA1",100kb,DD1475_r_upper_p_lower,100kb,DD1475_r_upper_p_lower,mCherry: operator 1; GFP: operator 2,raw
Genomic separation 100kb,s_lower_ALX.dv,Saccharomyces cerevisiae,NCBITaxon,NCBITaxon_4932,DD1475,"TetO between INN1 and RPC31, LacO between MIC27 and OCA1",100kb,DD1475_s_lower,100kb,DD1475_s_lower,mCherry: operator 1; GFP: operator 2,derived
Genomic separation 100kb,s_lower.dv,Saccharomyces cerevisiae,NCBITaxon,NCBITaxon_4932,DD1475,"TetO between INN1 and RPC31, LacO between MIC27 and OCA1",100kb,DD1475_s_lower,100kb,DD1475_s_lower,mCherry: operator 1; GFP: operator 2,raw
Genomic separation 100kb,t_lower_ALX.dv,Saccharomyces cerevisiae,NCBITaxon,NCBITaxon_4932,DD1475,"TetO between INN1 and RPC31, LacO between MIC27 and OCA1",100kb,DD1475_t_lower,100kb,DD1475_t_lower,mCherry: operator 1; GFP: operator 2,derived
Genomic separation 100kb,t_lower.dv,Saccharomyces cerevisiae,NCBITaxon,NCBITaxon_4932,DD1475,"TetO between INN1 and RPC31, LacO between MIC27 and OCA1",100kb,DD1475_t_lower,100kb,DD1475_t_lower,mCherry: operator 1; GFP: operator 2,raw
Genomic separation 100kb,u_upper_o_lower_ALX.dv,Saccharomyces cerevisiae,NCBITaxon,NCBITaxon_4932,DD1475,"TetO between INN1 and RPC31, LacO between MIC27 and OCA1",100kb,DD1475_u_upper_o_lower,100kb,DD1475_u_upper_o_lower,mCherry: operator 1; GFP: operator 2,derived
Genomic separation 100kb,u_upper_o_lower.dv,Saccharomyces cerevisiae,NCBITaxon,NCBITaxon_4932,DD1475,"TetO between INN1 and RPC31, LacO between MIC27 and OCA1",100kb,DD1475_u_upper_o_lower,100kb,DD1475_u_upper_o_lower,mCherry: operator 1; GFP: operator 2,raw
Genomic separation 100kb,w_upper_v_lower_ALX.dv,Saccharomyces cerevisiae,NCBITaxon,NCBITaxon_4932,DD1475,"TetO between INN1 and RPC31, LacO between MIC27 and OCA1",100kb,DD1475_w_upper_v_lower,100kb,DD1475_w_upper_v_lower,mCherry: operator 1; GFP: operator 2,derived
Genomic separation 100kb,w_upper_v_lower.dv,Saccharomyces cerevisiae,NCBITaxon,NCBITaxon_4932,DD1475,"TetO between INN1 and RPC31, LacO between MIC27 and OCA1",100kb,DD1475_w_upper_v_lower,100kb,DD1475_w_upper_v_lower,mCherry: operator 1; GFP: operator 2,raw
Genomic separation 100kb,y_upper_bb_lower_ALX.dv,Saccharomyces cerevisiae,NCBITaxon,NCBITaxon_4932,DD1475,"TetO between INN1 and RPC31, LacO between MIC27 and OCA1",100kb,DD1475_y_upper_bb_lower,100kb,DD1475_y_upper_bb_lower,mCherry: operator 1; GFP: operator 2,derived
Genomic separation 100kb,y_upper_bb_lower.dv,Saccharomyces cerevisiae,NCBITaxon,NCBITaxon_4932,DD1475,"TetO between INN1 and RPC31, LacO between MIC27 and OCA1",100kb,DD1475_y_upper_bb_lower,100kb,DD1475_y_upper_bb_lower,mCherry: operator 1; GFP: operator 2,raw
Genomic separation 100kb,z_upper_ALX.dv,Saccharomyces cerevisiae,NCBITaxon,NCBITaxon_4932,DD1475,"TetO between INN1 and RPC31, LacO between MIC27 and OCA1",100kb,DD1475_z_upper,100kb,DD1475_z_upper,mCherry: operator 1; GFP: operator 2,derived
Genomic separation 100kb,z_upper.dv,Saccharomyces cerevisiae,NCBITaxon,NCBITaxon_4932,DD1475,"TetO between INN1 and RPC31, LacO between MIC27 and OCA1",100kb,DD1475_z_upper,100kb,DD1475_z_upper,mCherry: operator 1; GFP: operator 2,raw
Genomic separation 25kb,a_upper_b_lower_ALX.dv,Saccharomyces cerevisiae,NCBITaxon,NCBITaxon_4932,DD1413,LacO-GAL1p-MDN1-CYC1t-TetO at URA3 locus,25kb,DD1413_a_upper_b_lower,25kb,DD1413_a_upper_b_lower,mCherry: operator 1; GFP: operator 2,derived
Genomic separation 25kb,a_upper_b_lower.dv,Saccharomyces cerevisiae,NCBITaxon,NCBITaxon_4932,DD1413,LacO-GAL1p-MDN1-CYC1t-TetO at URA3 locus,25kb,DD1413_a_upper_b_lower,25kb,DD1413_a_upper_b_lower,mCherry: operator 1; GFP: operator 2,raw
Genomic separation 25kb,c_upper_d_lower_ALX.dv,Saccharomyces cerevisiae,NCBITaxon,NCBITaxon_4932,DD1413,LacO-GAL1p-MDN1-CYC1t-TetO at URA3 locus,25kb,DD1413_c_upper_d_lower,25kb,DD1413_c_upper_d_lower,mCherry: operator 1; GFP: operator 2,derived
Genomic separation 25kb,c_upper_d_lower.dv,Saccharomyces cerevisiae,NCBITaxon,NCBITaxon_4932,DD1413,LacO-GAL1p-MDN1-CYC1t-TetO at URA3 locus,25kb,DD1413_c_upper_d_lower,25kb,DD1413_c_upper_d_lower,mCherry: operator 1; GFP: operator 2,raw
Genomic separation 25kb,e_upper_ALX.dv,Saccharomyces cerevisiae,NCBITaxon,NCBITaxon_4932,DD1413,LacO-GAL1p-MDN1-CYC1t-TetO at URA3 locus,25kb,DD1413_e_upper,25kb,DD1413_e_upper,mCherry: operator 1; GFP: operator 2,derived
Genomic separation 25kb,e_upper.dv,Saccharomyces cerevisiae,NCBITaxon,NCBITaxon_4932,DD1413,LacO-GAL1p-MDN1-CYC1t-TetO at URA3 locus,25kb,DD1413_e_upper,25kb,DD1413_e_upper,mCherry: operator 1; GFP: operator 2,raw
Genomic separation 25kb,f_lower_ALX.dv,Saccharomyces cerevisiae,NCBITaxon,NCBITaxon_4932,DD1413,LacO-GAL1p-MDN1-CYC1t-TetO at URA3 locus,25kb,DD1413_f_lower,25kb,DD1413_f_lower,mCherry: operator 1; GFP: operator 2,derived
Genomic separation 25kb,f_lower.dv,Saccharomyces cerevisiae,NCBITaxon,NCBITaxon_4932,DD1413,LacO-GAL1p-MDN1-CYC1t-TetO at URA3 locus,25kb,DD1413_f_lower,25kb,DD1413_f_lower,mCherry: operator 1; GFP: operator 2,raw
Genomic separation 25kb,h_upper_g_lower_ALX.dv,Saccharomyces cerevisiae,NCBITaxon,NCBITaxon_4932,DD1413,LacO-GAL1p-MDN1-CYC1t-TetO at URA3 locus,25kb,DD1413_h_upper_g_lower,25kb,DD1413_h_upper_g_lower,mCherry: operator 1; GFP: operator 2,derived
Genomic separation 25kb,h_upper_g_lower.dv,Saccharomyces cerevisiae,NCBITaxon,NCBITaxon_4932,DD1413,LacO-GAL1p-MDN1-CYC1t-TetO at URA3 locus,25kb,DD1413_h_upper_g_lower,25kb,DD1413_h_upper_g_lower,mCherry: operator 1; GFP: operator 2,raw
Genomic separation 25kb,j_upper_i_lower_ALX.dv,Saccharomyces cerevisiae,NCBITaxon,NCBITaxon_4932,DD1413,LacO-GAL1p-MDN1-CYC1t-TetO at URA3 locus,25kb,DD1413_j_upper_i_lower,25kb,DD1413_j_upper_i_lower,mCherry: operator 1; GFP: operator 2,derived
Genomic separation 25kb,j_upper_i_lower.dv,Saccharomyces cerevisiae,NCBITaxon,NCBITaxon_4932,DD1413,LacO-GAL1p-MDN1-CYC1t-TetO at URA3 locus,25kb,DD1413_j_upper_i_lower,25kb,DD1413_j_upper_i_lower,mCherry: operator 1; GFP: operator 2,raw
Genomic separation 42kb,bb_upper_aa_lower__ALX.dv,Saccharomyces cerevisiae,NCBITaxon,NCBITaxon_4932,DD1471,"TetO between ATG2 and ZWF1, LacO between SSU72 and SNR19",42kb,DD1471_bb_upper_aa_lower_,42kb,DD1471_bb_upper_aa_lower_,mCherry: operator 1; GFP: operator 2,derived
Genomic separation 42kb,bb_upper_aa_lower.dv,Saccharomyces cerevisiae,NCBITaxon,NCBITaxon_4932,DD1471,"TetO between ATG2 and ZWF1, LacO between SSU72 and SNR19",42kb,DD1471_bb_upper_aa_lower,42kb,DD1471_bb_upper_aa_lower,mCherry: operator 1; GFP: operator 2,raw
Genomic separation 42kb,m_upper_l_lower_ALX.dv,Saccharomyces cerevisiae,NCBITaxon,NCBITaxon_4932,DD1471,"TetO between ATG2 and ZWF1, LacO between SSU72 and SNR19",42kb,DD1471_m_upper_l_lower,42kb,DD1471_m_upper_l_lower,mCherry: operator 1; GFP: operator 2,derived
Genomic separation 42kb,m_upper_l_lower.dv,Saccharomyces cerevisiae,NCBITaxon,NCBITaxon_4932,DD1471,"TetO between ATG2 and ZWF1, LacO between SSU72 and SNR19",42kb,DD1471_m_upper_l_lower,42kb,DD1471_m_upper_l_lower,mCherry: operator 1; GFP: operator 2,raw
Genomic separation 42kb,o_upper_k_lower_ALX.dv,Saccharomyces cerevisiae,NCBITaxon,NCBITaxon_4932,DD1471,"TetO between ATG2 and ZWF1, LacO between SSU72 and SNR19",42kb,DD1471_o_upper_k_lower,42kb,DD1471_o_upper_k_lower,mCherry: operator 1; GFP: operator 2,derived
Genomic separation 42kb,o_upper_k_lower.dv,Saccharomyces cerevisiae,NCBITaxon,NCBITaxon_4932,DD1471,"TetO between ATG2 and ZWF1, LacO between SSU72 and SNR19",42kb,DD1471_o_upper_k_lower,42kb,DD1471_o_upper_k_lower,mCherry: operator 1; GFP: operator 2,raw
Genomic separation 42kb,q_upper_p_lower_ALX.dv,Saccharomyces cerevisiae,NCBITaxon,NCBITaxon_4932,DD1471,"TetO between ATG2 and ZWF1, LacO between SSU72 and SNR19",42kb,DD1471_q_upper_p_lower,42kb,DD1471_q_upper_p_lower,mCherry: operator 1; GFP: operator 2,derived
Genomic separation 42kb,q_upper_p_lower.dv,Saccharomyces cerevisiae,NCBITaxon,NCBITaxon_4932,DD1471,"TetO between ATG2 and ZWF1, LacO between SSU72 and SNR19",42kb,DD1471_q_upper_p_lower,42kb,DD1471_q_upper_p_lower,mCherry: operator 1; GFP: operator 2,raw
Genomic separation 42kb,r_upper_n_lower_ALX.dv,Saccharomyces cerevisiae,NCBITaxon,NCBITaxon_4932,DD1471,"TetO between ATG2 and ZWF1, LacO between SSU72 and SNR19",42kb,DD1471_r_upper_n_lower,42kb,DD1471_r_upper_n_lower,mCherry: operator 1; GFP: operator 2,derived
Genomic separation 42kb,r_upper_n_lower.dv,Saccharomyces cerevisiae,NCBITaxon,NCBITaxon_4932,DD1471,"TetO between ATG2 and ZWF1, LacO between SSU72 and SNR19",42kb,DD1471_r_upper_n_lower,42kb,DD1471_r_upper_n_lower,mCherry: operator 1; GFP: operator 2,raw
Genomic separation 42kb,s_lower_ALX.dv,Saccharomyces cerevisiae,NCBITaxon,NCBITaxon_4932,DD1471,"TetO between ATG2 and ZWF1, LacO between SSU72 and SNR19",42kb,DD1471_s_lower,42kb,DD1471_s_lower,mCherry: operator 1; GFP: operator 2,derived
Genomic separation 42kb,s_lower.dv,Saccharomyces cerevisiae,NCBITaxon,NCBITaxon_4932,DD1471,"TetO between ATG2 and ZWF1, LacO between SSU72 and SNR19",42kb,DD1471_s_lower,42kb,DD1471_s_lower,mCherry: operator 1; GFP: operator 2,raw
Genomic separation 42kb,u_upper_w_lower_ALX.dv,Saccharomyces cerevisiae,NCBITaxon,NCBITaxon_4932,DD1471,"TetO between ATG2 and ZWF1, LacO between SSU72 and SNR19",42kb,DD1471_u_upper_w_lower,42kb,DD1471_u_upper_w_lower,mCherry: operator 1; GFP: operator 2,derived
Genomic separation 42kb,u_upper_w_lower.dv,Saccharomyces cerevisiae,NCBITaxon,NCBITaxon_4932,DD1471,"TetO between ATG2 and ZWF1, LacO between SSU72 and SNR19",42kb,DD1471_u_upper_w_lower,42kb,DD1471_u_upper_w_lower,mCherry: operator 1; GFP: operator 2,raw
Genomic separation 42kb,v_upper_t_lower_ALX.dv,Saccharomyces cerevisiae,NCBITaxon,NCBITaxon_4932,DD1471,"TetO between ATG2 and ZWF1, LacO between SSU72 and SNR19",42kb,DD1471_v_upper_t_lower,42kb,DD1471_v_upper_t_lower,mCherry: operator 1; GFP: operator 2,derived
Genomic separation 42kb,v_upper_t_lower.dv,Saccharomyces cerevisiae,NCBITaxon,NCBITaxon_4932,DD1471,"TetO between ATG2 and ZWF1, LacO between SSU72 and SNR19",42kb,DD1471_v_upper_t_lower,42kb,DD1471_v_upper_t_lower,mCherry: operator 1; GFP: operator 2,raw
Genomic separation 42kb,x_upper_z_lower_ALX.dv,Saccharomyces cerevisiae,NCBITaxon,NCBITaxon_4932,DD1471,"TetO between ATG2 and ZWF1, LacO between SSU72 and SNR19",42kb,DD1471_x_upper_z_lower,42kb,DD1471_x_upper_z_lower,mCherry: operator 1; GFP: operator 2,derived
Genomic separation 42kb,x_upper_z_lower.dv,Saccharomyces cerevisiae,NCBITaxon,NCBITaxon_4932,DD1471,"TetO between ATG2 and ZWF1, LacO between SSU72 and SNR19",42kb,DD1471_x_upper_z_lower,42kb,DD1471_x_upper_z_lower,mCherry: operator 1; GFP: operator 2,raw
Genomic separation 42kb,y_upper_ALX.dv,Saccharomyces cerevisiae,NCBITaxon,NCBITaxon_4932,DD1471,"TetO between ATG2 and ZWF1, LacO between SSU72 and SNR19",42kb,DD1471_y_upper,42kb,DD1471_y_upper,mCherry: operator 1; GFP: operator 2,derived
Genomic separation 42kb,y_upper.dv,Saccharomyces cerevisiae,NCBITaxon,NCBITaxon_4932,DD1471,"TetO between ATG2 and ZWF1, LacO between SSU72 and SNR19",42kb,DD1471_y_upper,42kb,DD1471_y_upper,mCherry: operator 1; GFP: operator 2,raw
Genomic separation 51kb,cc_lower_ALX.dv,Saccharomyces cerevisiae,NCBITaxon,NCBITaxon_4932,DD1472,"TetO between INN1 and RPC31, LacO between SPC98 and ESBP6",51kb,DD1472_cc_lower,51kb,DD1472_cc_lower,mCherry: operator 1; GFP: operator 2,derived
Genomic separation 51kb,cc_lower.dv,Saccharomyces cerevisiae,NCBITaxon,NCBITaxon_4932,DD1472,"TetO between INN1 and RPC31, LacO between SPC98 and ESBP6",51kb,DD1472_cc_lower,51kb,DD1472_cc_lower,mCherry: operator 1; GFP: operator 2,raw
Genomic separation 51kb,dd_lower_ALX.dv,Saccharomyces cerevisiae,NCBITaxon,NCBITaxon_4932,DD1472,"TetO between INN1 and RPC31, LacO between SPC98 and ESBP6",51kb,DD1472_dd_lower,51kb,DD1472_dd_lower,mCherry: operator 1; GFP: operator 2,derived
Genomic separation 51kb,dd_lower.dv,Saccharomyces cerevisiae,NCBITaxon,NCBITaxon_4932,DD1472,"TetO between INN1 and RPC31, LacO between SPC98 and ESBP6",51kb,DD1472_dd_lower,51kb,DD1472_dd_lower,mCherry: operator 1; GFP: operator 2,raw
Genomic separation 51kb,gg_upper_ee_lower_ALX.dv,Saccharomyces cerevisiae,NCBITaxon,NCBITaxon_4932,DD1472,"TetO between INN1 and RPC31, LacO between SPC98 and ESBP6",51kb,DD1472_gg_upper_ee_lower,51kb,DD1472_gg_upper_ee_lower,mCherry: operator 1; GFP: operator 2,derived
Genomic separation 51kb,gg_upper_ee_lower.dv,Saccharomyces cerevisiae,NCBITaxon,NCBITaxon_4932,DD1472,"TetO between INN1 and RPC31, LacO between SPC98 and ESBP6",51kb,DD1472_gg_upper_ee_lower,51kb,DD1472_gg_upper_ee_lower,mCherry: operator 1; GFP: operator 2,raw
Genomic separation 51kb,hh_upper_ff_lower_ALX.dv,Saccharomyces cerevisiae,NCBITaxon,NCBITaxon_4932,DD1472,"TetO between INN1 and RPC31, LacO between SPC98 and ESBP6",51kb,DD1472_hh_upper_ff_lower,51kb,DD1472_hh_upper_ff_lower,mCherry: operator 1; GFP: operator 2,derived
Genomic separation 51kb,hh_upper_ff_lower.dv,Saccharomyces cerevisiae,NCBITaxon,NCBITaxon_4932,DD1472,"TetO between INN1 and RPC31, LacO between SPC98 and ESBP6",51kb,DD1472_hh_upper_ff_lower,51kb,DD1472_hh_upper_ff_lower,mCherry: operator 1; GFP: operator 2,raw
Genomic separation 51kb,ii_upper_oo_lower_ALX.dv,Saccharomyces cerevisiae,NCBITaxon,NCBITaxon_4932,DD1472,"TetO between INN1 and RPC31, LacO between SPC98 and ESBP6",51kb,DD1472_ii_upper_oo_lower,51kb,DD1472_ii_upper_oo_lower,mCherry: operator 1; GFP: operator 2,derived
Genomic separation 51kb,ii_upper_oo_lower.dv,Saccharomyces cerevisiae,NCBITaxon,NCBITaxon_4932,DD1472,"TetO between INN1 and RPC31, LacO between SPC98 and ESBP6",51kb,DD1472_ii_upper_oo_lower,51kb,DD1472_ii_upper_oo_lower,mCherry: operator 1; GFP: operator 2,raw
Genomic separation 51kb,kk_upper_jj_lower_ALX.dv,Saccharomyces cerevisiae,NCBITaxon,NCBITaxon_4932,DD1472,"TetO between INN1 and RPC31, LacO between SPC98 and ESBP6",51kb,DD1472_kk_upper_jj_lower,51kb,DD1472_kk_upper_jj_lower,mCherry: operator 1; GFP: operator 2,derived
Genomic separation 51kb,kk_upper_jj_lower.dv,Saccharomyces cerevisiae,NCBITaxon,NCBITaxon_4932,DD1472,"TetO between INN1 and RPC31, LacO between SPC98 and ESBP6",51kb,DD1472_kk_upper_jj_lower,51kb,DD1472_kk_upper_jj_lower,mCherry: operator 1; GFP: operator 2,raw
Genomic separation 51kb,mm_upper_ll_lower_ALX.dv,Saccharomyces cerevisiae,NCBITaxon,NCBITaxon_4932,DD1472,"TetO between INN1 and RPC31, LacO between SPC98 and ESBP6",51kb,DD1472_mm_upper_ll_lower,51kb,DD1472_mm_upper_ll_lower,mCherry: operator 1; GFP: operator 2,derived
Genomic separation 51kb,mm_upper_ll_lower.dv,Saccharomyces cerevisiae,NCBITaxon,NCBITaxon_4932,DD1472,"TetO between INN1 and RPC31, LacO between SPC98 and ESBP6",51kb,DD1472_mm_upper_ll_lower,51kb,DD1472_mm_upper_ll_lower,mCherry: operator 1; GFP: operator 2,raw
Genomic separation 51kb,nn_upper_ALX.dv,Saccharomyces cerevisiae,NCBITaxon,NCBITaxon_4932,DD1472,"TetO between INN1 and RPC31, LacO between SPC98 and ESBP6",51kb,DD1472_nn_upper,51kb,DD1472_nn_upper,mCherry: operator 1; GFP: operator 2,derived
Genomic separation 51kb,nn_upper.dv,Saccharomyces cerevisiae,NCBITaxon,NCBITaxon_4932,DD1472,"TetO between INN1 and RPC31, LacO between SPC98 and ESBP6",51kb,DD1472_nn_upper,51kb,DD1472_nn_upper,mCherry: operator 1; GFP: operator 2,raw
Genomic separation 51kb,pp_upper_tt_lower_ALX.dv,Saccharomyces cerevisiae,NCBITaxon,NCBITaxon_4932,DD1472,"TetO between INN1 and RPC31, LacO between SPC98 and ESBP6",51kb,DD1472_pp_upper_tt_lower,51kb,DD1472_pp_upper_tt_lower,mCherry: operator 1; GFP: operator 2,derived
Genomic separation 51kb,pp_upper_tt_lower.dv,Saccharomyces cerevisiae,NCBITaxon,NCBITaxon_4932,DD1472,"TetO between INN1 and RPC31, LacO between SPC98 and ESBP6",51kb,DD1472_pp_upper_tt_lower,51kb,DD1472_pp_upper_tt_lower,mCherry: operator 1; GFP: operator 2,raw
Genomic separation 51kb,rr_lower_ALX.dv,Saccharomyces cerevisiae,NCBITaxon,NCBITaxon_4932,DD1472,"TetO between INN1 and RPC31, LacO between SPC98 and ESBP6",51kb,DD1472_rr_lower,51kb,DD1472_rr_lower,mCherry: operator 1; GFP: operator 2,derived
Genomic separation 51kb,rr_lower.dv,Saccharomyces cerevisiae,NCBITaxon,NCBITaxon_4932,DD1472,"TetO between INN1 and RPC31, LacO between SPC98 and ESBP6",51kb,DD1472_rr_lower,51kb,DD1472_rr_lower,mCherry: operator 1; GFP: operator 2,raw
Genomic separation 51kb,ss_upper_ALX.dv,Saccharomyces cerevisiae,NCBITaxon,NCBITaxon_4932,DD1472,"TetO between INN1 and RPC31, LacO between SPC98 and ESBP6",51kb,DD1472_ss_upper,51kb,DD1472_ss_upper,mCherry: operator 1; GFP: operator 2,derived
Genomic separation 51kb,ss_upper.dv,Saccharomyces cerevisiae,NCBITaxon,NCBITaxon_4932,DD1472,"TetO between INN1 and RPC31, LacO between SPC98 and ESBP6",51kb,DD1472_ss_upper,51kb,DD1472_ss_upper,mCherry: operator 1; GFP: operator 2,raw
Genomic separation 51kb,uu_upper_qq_lower_ALX.dv,Saccharomyces cerevisiae,NCBITaxon,NCBITaxon_4932,DD1472,"TetO between INN1 and RPC31, LacO between SPC98 and ESBP6",51kb,DD1472_uu_upper_qq_lower,51kb,DD1472_uu_upper_qq_lower,mCherry: operator 1; GFP: operator 2,derived
Genomic separation 51kb,uu_upper_qq_lower.dv,Saccharomyces cerevisiae,NCBITaxon,NCBITaxon_4932,DD1472,"TetO between INN1 and RPC31, LacO between SPC98 and ESBP6",51kb,DD1472_uu_upper_qq_lower,51kb,DD1472_uu_upper_qq_lower,mCherry: operator 1; GFP: operator 2,raw
Genomic separation 51kb,vv_upper_ALX.dv,Saccharomyces cerevisiae,NCBITaxon,NCBITaxon_4932,DD1472,"TetO between INN1 and RPC31, LacO between SPC98 and ESBP6",51kb,DD1472_vv_upper,51kb,DD1472_vv_upper,mCherry: operator 1; GFP: operator 2,derived
Genomic separation 51kb,vv_upper.dv,Saccharomyces cerevisiae,NCBITaxon,NCBITaxon_4932,DD1472,"TetO between INN1 and RPC31, LacO between SPC98 and ESBP6",51kb,DD1472_vv_upper,51kb,DD1472_vv_upper,mCherry: operator 1; GFP: operator 2,raw
Genomic separation 64kb,a_upper_d_lower_ALX.dv,Saccharomyces cerevisiae,NCBITaxon,NCBITaxon_4932,DD1473,"TetO between UBP10 and MRPL19, LacO between INN1 and RPC31",64kb,DD1473_a_upper_d_lower,64kb,DD1473_a_upper_d_lower,mCherry: operator 1; GFP: operator 2,derived
Genomic separation 64kb,a_upper_d_lower.dv,Saccharomyces cerevisiae,NCBITaxon,NCBITaxon_4932,DD1473,"TetO between UBP10 and MRPL19, LacO between INN1 and RPC31",64kb,DD1473_a_upper_d_lower,64kb,DD1473_a_upper_d_lower,mCherry: operator 1; GFP: operator 2,raw
Genomic separation 64kb,b_upper_c_lower_ALX.dv,Saccharomyces cerevisiae,NCBITaxon,NCBITaxon_4932,DD1473,"TetO between UBP10 and MRPL19, LacO between INN1 and RPC31",64kb,DD1473_b_upper_c_lower,64kb,DD1473_b_upper_c_lower,mCherry: operator 1; GFP: operator 2,derived
Genomic separation 64kb,b_upper_c_lower.dv,Saccharomyces cerevisiae,NCBITaxon,NCBITaxon_4932,DD1473,"TetO between UBP10 and MRPL19, LacO between INN1 and RPC31",64kb,DD1473_b_upper_c_lower,64kb,DD1473_b_upper_c_lower,mCherry: operator 1; GFP: operator 2,raw
Genomic separation 64kb,bb_upper_x_lower_ALX.dv,Saccharomyces cerevisiae,NCBITaxon,NCBITaxon_4932,DD1473,"TetO between UBP10 and MRPL19, LacO between INN1 and RPC31",64kb,DD1473_bb_upper_x_lower,64kb,DD1473_bb_upper_x_lower,mCherry: operator 1; GFP: operator 2,derived
Genomic separation 64kb,bb_upper_x_lower.dv,Saccharomyces cerevisiae,NCBITaxon,NCBITaxon_4932,DD1473,"TetO between UBP10 and MRPL19, LacO between INN1 and RPC31",64kb,DD1473_bb_upper_x_lower,64kb,DD1473_bb_upper_x_lower,mCherry: operator 1; GFP: operator 2,raw
Genomic separation 64kb,cc_lower_ALX.dv,Saccharomyces cerevisiae,NCBITaxon,NCBITaxon_4932,DD1473,"TetO between UBP10 and MRPL19, LacO between INN1 and RPC31",64kb,DD1473_cc_lower,64kb,DD1473_cc_lower,mCherry: operator 1; GFP: operator 2,derived
Genomic separation 64kb,cc_lower.dv,Saccharomyces cerevisiae,NCBITaxon,NCBITaxon_4932,DD1473,"TetO between UBP10 and MRPL19, LacO between INN1 and RPC31",64kb,DD1473_cc_lower,64kb,DD1473_cc_lower,mCherry: operator 1; GFP: operator 2,raw
Genomic separation 64kb,dd_upper_y_lower_ALX.dv,Saccharomyces cerevisiae,NCBITaxon,NCBITaxon_4932,DD1473,"TetO between UBP10 and MRPL19, LacO between INN1 and RPC31",64kb,DD1473_dd_upper_y_lower,64kb,DD1473_dd_upper_y_lower,mCherry: operator 1; GFP: operator 2,derived
Genomic separation 64kb,dd_upper_y_lower.dv,Saccharomyces cerevisiae,NCBITaxon,NCBITaxon_4932,DD1473,"TetO between UBP10 and MRPL19, LacO between INN1 and RPC31",64kb,DD1473_dd_upper_y_lower,64kb,DD1473_dd_upper_y_lower,mCherry: operator 1; GFP: operator 2,raw
Genomic separation 64kb,e_upper_ALX.dv,Saccharomyces cerevisiae,NCBITaxon,NCBITaxon_4932,DD1473,"TetO between UBP10 and MRPL19, LacO between INN1 and RPC31",64kb,DD1473_e_upper,64kb,DD1473_e_upper,mCherry: operator 1; GFP: operator 2,derived
Genomic separation 64kb,e_upper.dv,Saccharomyces cerevisiae,NCBITaxon,NCBITaxon_4932,DD1473,"TetO between UBP10 and MRPL19, LacO between INN1 and RPC31",64kb,DD1473_e_upper,64kb,DD1473_e_upper,mCherry: operator 1; GFP: operator 2,raw
Genomic separation 64kb,g_upper_f_lower_ALX.dv,Saccharomyces cerevisiae,NCBITaxon,NCBITaxon_4932,DD1473,"TetO between UBP10 and MRPL19, LacO between INN1 and RPC31",64kb,DD1473_g_upper_f_lower,64kb,DD1473_g_upper_f_lower,mCherry: operator 1; GFP: operator 2,derived
Genomic separation 64kb,g_upper_f_lower.dv,Saccharomyces cerevisiae,NCBITaxon,NCBITaxon_4932,DD1473,"TetO between UBP10 and MRPL19, LacO between INN1 and RPC31",64kb,DD1473_g_upper_f_lower,64kb,DD1473_g_upper_f_lower,mCherry: operator 1; GFP: operator 2,raw
Genomic separation 64kb,h_upper_ALX.dv,Saccharomyces cerevisiae,NCBITaxon,NCBITaxon_4932,DD1473,"TetO between UBP10 and MRPL19, LacO between INN1 and RPC31",64kb,DD1473_h_upper,64kb,DD1473_h_upper,mCherry: operator 1; GFP: operator 2,derived
Genomic separation 64kb,h_upper.dv,Saccharomyces cerevisiae,NCBITaxon,NCBITaxon_4932,DD1473,"TetO between UBP10 and MRPL19, LacO between INN1 and RPC31",64kb,DD1473_h_upper,64kb,DD1473_h_upper,mCherry: operator 1; GFP: operator 2,raw
Genomic separation 64kb,i_upper_j_lower_ALX.dv,Saccharomyces cerevisiae,NCBITaxon,NCBITaxon_4932,DD1473,"TetO between UBP10 and MRPL19, LacO between INN1 and RPC31",64kb,DD1473_i_upper_j_lower,64kb,DD1473_i_upper_j_lower,mCherry: operator 1; GFP: operator 2,derived
Genomic separation 64kb,i_upper_j_lower.dv,Saccharomyces cerevisiae,NCBITaxon,NCBITaxon_4932,DD1473,"TetO between UBP10 and MRPL19, LacO between INN1 and RPC31",64kb,DD1473_i_upper_j_lower,64kb,DD1473_i_upper_j_lower,mCherry: operator 1; GFP: operator 2,raw
Genomic separation 64kb,m_upper_l_lower_ALX.dv,Saccharomyces cerevisiae,NCBITaxon,NCBITaxon_4932,DD1473,"TetO between UBP10 and MRPL19, LacO between INN1 and RPC31",64kb,DD1473_m_upper_l_lower,64kb,DD1473_m_upper_l_lower,mCherry: operator 1; GFP: operator 2,derived
Genomic separation 64kb,m_upper_l_lower.dv,Saccharomyces cerevisiae,NCBITaxon,NCBITaxon_4932,DD1473,"TetO between UBP10 and MRPL19, LacO between INN1 and RPC31",64kb,DD1473_m_upper_l_lower,64kb,DD1473_m_upper_l_lower,mCherry: operator 1; GFP: operator 2,raw
Genomic separation 64kb,n_upper_k_lower_ALX.dv,Saccharomyces cerevisiae,NCBITaxon,NCBITaxon_4932,DD1473,"TetO between UBP10 and MRPL19, LacO between INN1 and RPC31",64kb,DD1473_n_upper_k_lower,64kb,DD1473_n_upper_k_lower,mCherry: operator 1; GFP: operator 2,derived
Genomic separation 64kb,n_upper_k_lower.dv,Saccharomyces cerevisiae,NCBITaxon,NCBITaxon_4932,DD1473,"TetO between UBP10 and MRPL19, LacO between INN1 and RPC31",64kb,DD1473_n_upper_k_lower,64kb,DD1473_n_upper_k_lower,mCherry: operator 1; GFP: operator 2,raw
Genomic separation 64kb,o_upper_r_lower_ALX.dv,Saccharomyces cerevisiae,NCBITaxon,NCBITaxon_4932,DD1473,"TetO between UBP10 and MRPL19, LacO between INN1 and RPC31",64kb,DD1473_o_upper_r_lower,64kb,DD1473_o_upper_r_lower,mCherry: operator 1; GFP: operator 2,derived
Genomic separation 64kb,o_upper_r_lower.dv,Saccharomyces cerevisiae,NCBITaxon,NCBITaxon_4932,DD1473,"TetO between UBP10 and MRPL19, LacO between INN1 and RPC31",64kb,DD1473_o_upper_r_lower,64kb,DD1473_o_upper_r_lower,mCherry: operator 1; GFP: operator 2,raw
Genomic separation 64kb,p_upper_q_lower_ALX.dv,Saccharomyces cerevisiae,NCBITaxon,NCBITaxon_4932,DD1473,"TetO between UBP10 and MRPL19, LacO between INN1 and RPC31",64kb,DD1473_p_upper_q_lower,64kb,DD1473_p_upper_q_lower,mCherry: operator 1; GFP: operator 2,derived
Genomic separation 64kb,p_upper_q_lower.dv,Saccharomyces cerevisiae,NCBITaxon,NCBITaxon_4932,DD1473,"TetO between UBP10 and MRPL19, LacO between INN1 and RPC31",64kb,DD1473_p_upper_q_lower,64kb,DD1473_p_upper_q_lower,mCherry: operator 1; GFP: operator 2,raw
Genomic separation 64kb,s_upper_v_lower_ALX.dv,Saccharomyces cerevisiae,NCBITaxon,NCBITaxon_4932,DD1473,"TetO between UBP10 and MRPL19, LacO between INN1 and RPC31",64kb,DD1473_s_upper_v_lower,64kb,DD1473_s_upper_v_lower,mCherry: operator 1; GFP: operator 2,derived
Genomic separation 64kb,s_upper_v_lower.dv,Saccharomyces cerevisiae,NCBITaxon,NCBITaxon_4932,DD1473,"TetO between UBP10 and MRPL19, LacO between INN1 and RPC31",64kb,DD1473_s_upper_v_lower,64kb,DD1473_s_upper_v_lower,mCherry: operator 1; GFP: operator 2,raw
Genomic separation 64kb,u_upper_t_lower_ALX.dv,Saccharomyces cerevisiae,NCBITaxon,NCBITaxon_4932,DD1473,"TetO between UBP10 and MRPL19, LacO between INN1 and RPC31",64kb,DD1473_u_upper_t_lower,64kb,DD1473_u_upper_t_lower,mCherry: operator 1; GFP: operator 2,derived
Genomic separation 64kb,u_upper_t_lower.dv,Saccharomyces cerevisiae,NCBITaxon,NCBITaxon_4932,DD1473,"TetO between UBP10 and MRPL19, LacO between INN1 and RPC31",64kb,DD1473_u_upper_t_lower,64kb,DD1473_u_upper_t_lower,mCherry: operator 1; GFP: operator 2,raw
Genomic separation 64kb,w_upper_aa_lower_ALX.dv,Saccharomyces cerevisiae,NCBITaxon,NCBITaxon_4932,DD1473,"TetO between UBP10 and MRPL19, LacO between INN1 and RPC31",64kb,DD1473_w_upper_aa_lower,64kb,DD1473_w_upper_aa_lower,mCherry: operator 1; GFP: operator 2,derived
Genomic separation 64kb,w_upper_aa_lower.dv,Saccharomyces cerevisiae,NCBITaxon,NCBITaxon_4932,DD1473,"TetO between UBP10 and MRPL19, LacO between INN1 and RPC31",64kb,DD1473_w_upper_aa_lower,64kb,DD1473_w_upper_aa_lower,mCherry: operator 1; GFP: operator 2,raw
Genomic separation 64kb,z_lower_ALX.dv,Saccharomyces cerevisiae,NCBITaxon,NCBITaxon_4932,DD1473,"TetO between UBP10 and MRPL19, LacO between INN1 and RPC31",64kb,DD1473_z_lower,64kb,DD1473_z_lower,mCherry: operator 1; GFP: operator 2,derived
Genomic separation 64kb,z_lower.dv,Saccharomyces cerevisiae,NCBITaxon,NCBITaxon_4932,DD1473,"TetO between UBP10 and MRPL19, LacO between INN1 and RPC31",64kb,DD1473_z_lower,64kb,DD1473_z_lower,mCherry: operator 1; GFP: operator 2,raw
Genomic separation 70kb,aaa_upper_ss_lower_ALX.dv,Saccharomyces cerevisiae,NCBITaxon,NCBITaxon_4932,DD1336,"TetO between NUR1 and ASM4, LacO between PSA1 and MCH1",70kb,DD1336_aaa_upper_ss_lower,70kb,DD1336_aaa_upper_ss_lower,mCherry: operator 1; GFP: operator 2,derived
Genomic separation 70kb,aaa_upper_ss_lower.dv,Saccharomyces cerevisiae,NCBITaxon,NCBITaxon_4932,DD1336,"TetO between NUR1 and ASM4, LacO between PSA1 and MCH1",70kb,DD1336_aaa_upper_ss_lower,70kb,DD1336_aaa_upper_ss_lower,mCherry: operator 1; GFP: operator 2,raw
Genomic separation 70kb,bbb_upper_zz_lower_ALX.dv,Saccharomyces cerevisiae,NCBITaxon,NCBITaxon_4932,DD1336,"TetO between NUR1 and ASM4, LacO between PSA1 and MCH1",70kb,DD1336_bbb_upper_zz_lower,70kb,DD1336_bbb_upper_zz_lower,mCherry: operator 1; GFP: operator 2,derived
Genomic separation 70kb,bbb_upper_zz_lower.dv,Saccharomyces cerevisiae,NCBITaxon,NCBITaxon_4932,DD1336,"TetO between NUR1 and ASM4, LacO between PSA1 and MCH1",70kb,DD1336_bbb_upper_zz_lower,70kb,DD1336_bbb_upper_zz_lower,mCherry: operator 1; GFP: operator 2,raw
Genomic separation 70kb,ddd_upper_ggg_lower_ALX.dv,Saccharomyces cerevisiae,NCBITaxon,NCBITaxon_4932,DD1336,"TetO between NUR1 and ASM4, LacO between PSA1 and MCH1",70kb,DD1336_ddd_upper_ggg_lower,70kb,DD1336_ddd_upper_ggg_lower,mCherry: operator 1; GFP: operator 2,derived
Genomic separation 70kb,ddd_upper_ggg.dv,Saccharomyces cerevisiae,NCBITaxon,NCBITaxon_4932,DD1336,"TetO between NUR1 and ASM4, LacO between PSA1 and MCH1",70kb,DD1336_ddd_upper_ggg,70kb,DD1336_ddd_upper_ggg,mCherry: operator 1; GFP: operator 2,raw
Genomic separation 70kb,eee_upper_vv_lower_ALX.dv,Saccharomyces cerevisiae,NCBITaxon,NCBITaxon_4932,DD1336,"TetO between NUR1 and ASM4, LacO between PSA1 and MCH1",70kb,DD1336_eee_upper_vv_lower,70kb,DD1336_eee_upper_vv_lower,mCherry: operator 1; GFP: operator 2,derived
Genomic separation 70kb,eee_upper_vv_lower.dv,Saccharomyces cerevisiae,NCBITaxon,NCBITaxon_4932,DD1336,"TetO between NUR1 and ASM4, LacO between PSA1 and MCH1",70kb,DD1336_eee_upper_vv_lower,70kb,DD1336_eee_upper_vv_lower,mCherry: operator 1; GFP: operator 2,raw
Genomic separation 70kb,ff_upper_ee_lower_ALX.dv,Saccharomyces cerevisiae,NCBITaxon,NCBITaxon_4932,DD1336,"TetO between NUR1 and ASM4, LacO between PSA1 and MCH1",70kb,DD1336_ff_upper_ee_lower,70kb,DD1336_ff_upper_ee_lower,mCherry: operator 1; GFP: operator 2,derived
Genomic separation 70kb,ff_upper_ee_lower.dv,Saccharomyces cerevisiae,NCBITaxon,NCBITaxon_4932,DD1336,"TetO between NUR1 and ASM4, LacO between PSA1 and MCH1",70kb,DD1336_ff_upper_ee_lower,70kb,DD1336_ff_upper_ee_lower,mCherry: operator 1; GFP: operator 2,raw
Genomic separation 70kb,fff_upper_ALX.dv,Saccharomyces cerevisiae,NCBITaxon,NCBITaxon_4932,DD1336,"TetO between NUR1 and ASM4, LacO between PSA1 and MCH1",70kb,DD1336_fff_upper,70kb,DD1336_fff_upper,mCherry: operator 1; GFP: operator 2,derived
Genomic separation 70kb,fff_upper.dv,Saccharomyces cerevisiae,NCBITaxon,NCBITaxon_4932,DD1336,"TetO between NUR1 and ASM4, LacO between PSA1 and MCH1",70kb,DD1336_fff_upper,70kb,DD1336_fff_upper,mCherry: operator 1; GFP: operator 2,raw
Genomic separation 70kb,gg_upper_ALX.dv,Saccharomyces cerevisiae,NCBITaxon,NCBITaxon_4932,DD1336,"TetO between NUR1 and ASM4, LacO between PSA1 and MCH1",70kb,DD1336_gg_upper,70kb,DD1336_gg_upper,mCherry: operator 1; GFP: operator 2,derived
Genomic separation 70kb,gg_upper.dv,Saccharomyces cerevisiae,NCBITaxon,NCBITaxon_4932,DD1336,"TetO between NUR1 and ASM4, LacO between PSA1 and MCH1",70kb,DD1336_gg_upper,70kb,DD1336_gg_upper,mCherry: operator 1; GFP: operator 2,raw
Genomic separation 70kb,hh_lower_ALX.dv,Saccharomyces cerevisiae,NCBITaxon,NCBITaxon_4932,DD1336,"TetO between NUR1 and ASM4, LacO between PSA1 and MCH1",70kb,DD1336_hh_lower,70kb,DD1336_hh_lower,mCherry: operator 1; GFP: operator 2,derived
Genomic separation 70kb,hh_lower.dv,Saccharomyces cerevisiae,NCBITaxon,NCBITaxon_4932,DD1336,"TetO between NUR1 and ASM4, LacO between PSA1 and MCH1",70kb,DD1336_hh_lower,70kb,DD1336_hh_lower,mCherry: operator 1; GFP: operator 2,raw
Genomic separation 70kb,ii_upper_nn_lower_ALX.dv,Saccharomyces cerevisiae,NCBITaxon,NCBITaxon_4932,DD1336,"TetO between NUR1 and ASM4, LacO between PSA1 and MCH1",70kb,DD1336_ii_upper_nn_lower,70kb,DD1336_ii_upper_nn_lower,mCherry: operator 1; GFP: operator 2,derived
Genomic separation 70kb,ii_upper_nn_lower.dv,Saccharomyces cerevisiae,NCBITaxon,NCBITaxon_4932,DD1336,"TetO between NUR1 and ASM4, LacO between PSA1 and MCH1",70kb,DD1336_ii_upper_nn_lower,70kb,DD1336_ii_upper_nn_lower,mCherry: operator 1; GFP: operator 2,raw
Genomic separation 70kb,jj_upper_pp_lower_ALX.dv,Saccharomyces cerevisiae,NCBITaxon,NCBITaxon_4932,DD1336,"TetO between NUR1 and ASM4, LacO between PSA1 and MCH1",70kb,DD1336_jj_upper_pp_lower,70kb,DD1336_jj_upper_pp_lower,mCherry: operator 1; GFP: operator 2,derived
Genomic separation 70kb,jj_upper_pp_lower.dv,Saccharomyces cerevisiae,NCBITaxon,NCBITaxon_4932,DD1336,"TetO between NUR1 and ASM4, LacO between PSA1 and MCH1",70kb,DD1336_jj_upper_pp_lower,70kb,DD1336_jj_upper_pp_lower,mCherry: operator 1; GFP: operator 2,raw
Genomic separation 70kb,kk_upper_ll_lower_ALX.dv,Saccharomyces cerevisiae,NCBITaxon,NCBITaxon_4932,DD1336,"TetO between NUR1 and ASM4, LacO between PSA1 and MCH1",70kb,DD1336_kk_upper_ll_lower,70kb,DD1336_kk_upper_ll_lower,mCherry: operator 1; GFP: operator 2,derived
Genomic separation 70kb,kk_upper_ll_lower.dv,Saccharomyces cerevisiae,NCBITaxon,NCBITaxon_4932,DD1336,"TetO between NUR1 and ASM4, LacO between PSA1 and MCH1",70kb,DD1336_kk_upper_ll_lower,70kb,DD1336_kk_upper_ll_lower,mCherry: operator 1; GFP: operator 2,raw
Genomic separation 70kb,qq_upper_mm_lower_ALX.dv,Saccharomyces cerevisiae,NCBITaxon,NCBITaxon_4932,DD1336,"TetO between NUR1 and ASM4, LacO between PSA1 and MCH1",70kb,DD1336_qq_upper_mm_lower,70kb,DD1336_qq_upper_mm_lower,mCherry: operator 1; GFP: operator 2,derived
Genomic separation 70kb,qq_upper_mm_lower.dv,Saccharomyces cerevisiae,NCBITaxon,NCBITaxon_4932,DD1336,"TetO between NUR1 and ASM4, LacO between PSA1 and MCH1",70kb,DD1336_qq_upper_mm_lower,70kb,DD1336_qq_upper_mm_lower,mCherry: operator 1; GFP: operator 2,raw
Genomic separation 70kb,rr_upper_oo_lower_ALX.dv,Saccharomyces cerevisiae,NCBITaxon,NCBITaxon_4932,DD1336,"TetO between NUR1 and ASM4, LacO between PSA1 and MCH1",70kb,DD1336_rr_upper_oo_lower,70kb,DD1336_rr_upper_oo_lower,mCherry: operator 1; GFP: operator 2,derived
Genomic separation 70kb,rr_upper_oo_lower.dv,Saccharomyces cerevisiae,NCBITaxon,NCBITaxon_4932,DD1336,"TetO between NUR1 and ASM4, LacO between PSA1 and MCH1",70kb,DD1336_rr_upper_oo_lower,70kb,DD1336_rr_upper_oo_lower,mCherry: operator 1; GFP: operator 2,raw
Genomic separation 70kb,tt_upper_ccc_lower_ALX.dv,Saccharomyces cerevisiae,NCBITaxon,NCBITaxon_4932,DD1336,"TetO between NUR1 and ASM4, LacO between PSA1 and MCH1",70kb,DD1336_tt_upper_ccc_lower,70kb,DD1336_tt_upper_ccc_lower,mCherry: operator 1; GFP: operator 2,derived
Genomic separation 70kb,tt_upper_ccc_lower.dv,Saccharomyces cerevisiae,NCBITaxon,NCBITaxon_4932,DD1336,"TetO between NUR1 and ASM4, LacO between PSA1 and MCH1",70kb,DD1336_tt_upper_ccc_lower,70kb,DD1336_tt_upper_ccc_lower,mCherry: operator 1; GFP: operator 2,raw
Genomic separation 70kb,ww_upper_ALX.dv,Saccharomyces cerevisiae,NCBITaxon,NCBITaxon_4932,DD1336,"TetO between NUR1 and ASM4, LacO between PSA1 and MCH1",70kb,DD1336_ww_upper,70kb,DD1336_ww_upper,mCherry: operator 1; GFP: operator 2,derived
Genomic separation 70kb,ww_upper.dv,Saccharomyces cerevisiae,NCBITaxon,NCBITaxon_4932,DD1336,"TetO between NUR1 and ASM4, LacO between PSA1 and MCH1",70kb,DD1336_ww_upper,70kb,DD1336_ww_upper,mCherry: operator 1; GFP: operator 2,raw
Genomic separation 70kb,xx_upper_uu_lower_ALX.dv,Saccharomyces cerevisiae,NCBITaxon,NCBITaxon_4932,DD1336,"TetO between NUR1 and ASM4, LacO between PSA1 and MCH1",70kb,DD1336_xx_upper_uu_lower,70kb,DD1336_xx_upper_uu_lower,mCherry: operator 1; GFP: operator 2,derived
Genomic separation 70kb,xx_upper_uu_lower.dv,Saccharomyces cerevisiae,NCBITaxon,NCBITaxon_4932,DD1336,"TetO between NUR1 and ASM4, LacO between PSA1 and MCH1",70kb,DD1336_xx_upper_uu_lower,70kb,DD1336_xx_upper_uu_lower,mCherry: operator 1; GFP: operator 2,raw
Genomic separation 70kb,yy_upper_ALX.dv,Saccharomyces cerevisiae,NCBITaxon,NCBITaxon_4932,DD1336,"TetO between NUR1 and ASM4, LacO between PSA1 and MCH1",70kb,DD1336_yy_upper,70kb,DD1336_yy_upper,mCherry: operator 1; GFP: operator 2,derived
Genomic separation 70kb,yy_upper.dv,Saccharomyces cerevisiae,NCBITaxon,NCBITaxon_4932,DD1336,"TetO between NUR1 and ASM4, LacO between PSA1 and MCH1",70kb,DD1336_yy_upper,70kb,DD1336_yy_upper,mCherry: operator 1; GFP: operator 2,raw
Genomic separation 71kb,63_014_FUS_ALX_unused.dv,Saccharomyces cerevisiae,NCBITaxon,NCBITaxon_4932,DD1474,"TetO between SSU72 and SNR19, LacO between UBP10 and MRPL19",71kb,DD1474_63_014_FUS_ALX_unused,71kb,DD1474_63_014_FUS_ALX_unused,mCherry: operator 1; GFP: operator 2,derived
Genomic separation 71kb,63_014unused.dv,Saccharomyces cerevisiae,NCBITaxon,NCBITaxon_4932,DD1474,"TetO between SSU72 and SNR19, LacO between UBP10 and MRPL19",71kb,DD1474_63_014unused,71kb,DD1474_63_014unused,mCherry: operator 1; GFP: operator 2,raw
Genomic separation 71kb,a_lower_ALX.dv,Saccharomyces cerevisiae,NCBITaxon,NCBITaxon_4932,DD1474,"TetO between SSU72 and SNR19, LacO between UBP10 and MRPL19",71kb,DD1474_a_lower,71kb,DD1474_a_lower,mCherry: operator 1; GFP: operator 2,derived
Genomic separation 71kb,a_lower.dv,Saccharomyces cerevisiae,NCBITaxon,NCBITaxon_4932,DD1474,"TetO between SSU72 and SNR19, LacO between UBP10 and MRPL19",71kb,DD1474_a_lower,71kb,DD1474_a_lower,mCherry: operator 1; GFP: operator 2,raw
Genomic separation 71kb,c_upper_b_lower_ALX.dv,Saccharomyces cerevisiae,NCBITaxon,NCBITaxon_4932,DD1474,"TetO between SSU72 and SNR19, LacO between UBP10 and MRPL19",71kb,DD1474_c_upper_b_lower,71kb,DD1474_c_upper_b_lower,mCherry: operator 1; GFP: operator 2,derived
Genomic separation 71kb,c_upper_b_lower.dv,Saccharomyces cerevisiae,NCBITaxon,NCBITaxon_4932,DD1474,"TetO between SSU72 and SNR19, LacO between UBP10 and MRPL19",71kb,DD1474_c_upper_b_lower,71kb,DD1474_c_upper_b_lower,mCherry: operator 1; GFP: operator 2,raw
Genomic separation 71kb,e_upper_d_lower_ALX.dv,Saccharomyces cerevisiae,NCBITaxon,NCBITaxon_4932,DD1474,"TetO between SSU72 and SNR19, LacO between UBP10 and MRPL19",71kb,DD1474_e_upper_d_lower,71kb,DD1474_e_upper_d_lower,mCherry: operator 1; GFP: operator 2,derived
Genomic separation 71kb,e_upper_d_lower.dv,Saccharomyces cerevisiae,NCBITaxon,NCBITaxon_4932,DD1474,"TetO between SSU72 and SNR19, LacO between UBP10 and MRPL19",71kb,DD1474_e_upper_d_lower,71kb,DD1474_e_upper_d_lower,mCherry: operator 1; GFP: operator 2,raw
Genomic separation 71kb,g_lower_ALX.dv,Saccharomyces cerevisiae,NCBITaxon,NCBITaxon_4932,DD1474,"TetO between SSU72 and SNR19, LacO between UBP10 and MRPL19",71kb,DD1474_g_lower,71kb,DD1474_g_lower,mCherry: operator 1; GFP: operator 2,derived
Genomic separation 71kb,g_lower.dv,Saccharomyces cerevisiae,NCBITaxon,NCBITaxon_4932,DD1474,"TetO between SSU72 and SNR19, LacO between UBP10 and MRPL19",71kb,DD1474_g_lower,71kb,DD1474_g_lower,mCherry: operator 1; GFP: operator 2,raw
Genomic separation 71kb,h_upper_f_lower_ALX.dv,Saccharomyces cerevisiae,NCBITaxon,NCBITaxon_4932,DD1474,"TetO between SSU72 and SNR19, LacO between UBP10 and MRPL19",71kb,DD1474_h_upper_f_lower,71kb,DD1474_h_upper_f_lower,mCherry: operator 1; GFP: operator 2,derived
Genomic separation 71kb,h_upper_f_lower.dv,Saccharomyces cerevisiae,NCBITaxon,NCBITaxon_4932,DD1474,"TetO between SSU72 and SNR19, LacO between UBP10 and MRPL19",71kb,DD1474_h_upper_f_lower,71kb,DD1474_h_upper_f_lower,mCherry: operator 1; GFP: operator 2,raw